recordedBy,eventDate,eventTime,decimalLatitude,decimalLongitude,verbatimElevation,coordinateUncertaintyInMeters,verbatimLocality,habitat,verbatimIdentification,individualCount,occurrenceID,occurrenceRemarks,associatedMedia,vernacularName,scientificName
"Sanath, Vijay",16/05/2022,18:45:00+05:30,12.9276969,75.6535336,851.5184838,8,doraigundi,Edge,malabar_pit_Viper,1,urn:ncf:arp:mammals:uuid:ad59af22-5b51-4374-9129-d8094c6de7bd:1,NA,https://zenodo.org/record/13340613/files/1fcYjrTdQYu7BqW9whBLFZR9dua4fz2Hv.jpg,Malabar pit viper,Craspedocephalus malabaricus
"Sanath, Vijay, Orvill",16/05/2022,18:48:00+05:30,12.9277477,75.6534381,871.0234412,12,doraigundi,Edge,Wild_pig,1,urn:ncf:arp:mammals:uuid:c52736b4-532d-4e8b-9183-5fa187352ddd:2,NA,NA,Wild pig,Sus scrofa
"Sanath, Ranjith",16/05/2022,18:49:00+05:30,12.9277108,75.6535083,863.1407363,12,doraigundi,Edge,Duttaphrynus_parietalis,1,urn:ncf:arp:mammals:uuid:c648973a-a724-4c8f-821e-47cb00503519:3,NA,NA,Ridged toad,Duttaphrynus parietalis
"Sanath, Vijay, Sanjay",23/06/2022,10:22:00+05:30,12.9190108,75.6488546,871.6328537,6.774000168,bungalow_mattam,Rainforest,Malabar_Giant_Squirrel,1,urn:ncf:arp:mammals:uuid:afb131c3-66a3-4563-8788-d82090d8129e:4,NA,NA,Malabar giant squirrel,Ratufa indica
"Sanath, Vijay Kumar",11/08/2022,19:20:00+05:30,12.9085519,75.6626966,918.7132646,6,kt_vg_road,Road,Mouse_Deer,1,urn:ncf:arp:mammals:uuid:392529c3-27b4-4e59-a90a-3fe47a933e77:5,"Observers:Sanath, Vijay Kumar | timestamp:11Aug2022_19:20 | Total_count | Sighting | Near cinnadorai",NA,Indian spotted chevrotain,Moschiola indica
"Sanath, Vijay, Ranjith, Manu, Gowtham",19/08/2022,10:32:00+05:30,12.9285055,75.6556742,858.2277861,8.571000099,terfc_fieldstation,Road,Barking_Deer,1,urn:ncf:arp:mammals:uuid:50b3c8ec-1138-4711-9e3c-08bceea6a681:6,NA,NA,Indian muntjac,Muntiacus muntjac
"Sanath, Ranjith, Vijay, Gowtham",02/09/2022,10:25:00+05:30,12.9308058,75.6593755,888.144045,8,terfc_fieldstation,Road,nilgiri_keelback,1,urn:ncf:arp:mammals:uuid:007e9414-3114-4c2a-90a6-83e88aaf4975:7,"Observers:Sanath, Ranjith, Vijay, Gowtham | timestamp:02Sept2022_10:25 | Total_count | Roadkill | Mostly our own vehicle:/",https://zenodo.org/record/13340613/files/1-s0wMqyal1y91-z8uN6uM_iSVSYhEMK_.jpg,Nilgiri keelback,Amphiesma beddomei
"Sanath, Vijay",03/09/2022,20:20:00+05:30,12.907817,75.6628429,915.0529687,6,sinnadorai,Road,Black_Naped_Hare,2,urn:ncf:arp:mammals:uuid:6d202e59-4fa4-4f0b-8e67-b11700f419ea:8,NA,NA,Indian hare,Lepus nigricollis
"Sanath, Vijay kumar",08/09/2022,18:35:00+05:30,12.9196935,75.6483495,888.0691609,12.15799999,bungalow_mattam,Road,Sambar,2,urn:ncf:arp:mammals:uuid:c7c4f24f-95af-40ff-b53e-868b0d4837f9:9,NA,NA,Sambar,Rusa unicolor
"Ranjith, Gowtham",19/05/2022,18:50:00+05:30,12.911685,75.659637,NA,1000,kdm_kt_road,Tea_Plantation,Stripe_necked_Mongoose,1,urn:ncf:arp:mammals:uuid:623b597f-0bcb-48cd-aec4-2ed7ccb6c84d:10,NA,NA,Stripe-necked mongoose,Herpestes vitticollis
Ranjith Kumar,16/09/2022,08:50:00+05:30,12.911685,75.659637,NA,1000,kdm_kt_road,Tea_Plantation,Dhole,2,urn:ncf:arp:mammals:uuid:1fe2db68-f97d-4381-8bfc-12dbdd5cd5e6:11,NA,NA,Dhole,Cuon alpinus
Manu,15/04/2022,10:00:00+05:30,12.906975,75.6633767,1004,3.5,bungalow_mattam,Road,malabar_pit_Viper,1,urn:ncf:arp:mammals:uuid:5e9ba26a-9168-431e-b7ed-025e6b0ce1bf:12,NA,https://zenodo.org/record/13340613/files/1REIbZS84l4s4GtqIoByq-pGfw6ibH1f7.jpg,Malabar pit viper,Craspedocephalus malabaricus
Manu,19/05/2022,18:00:00+05:30,12.914203,75.668728,NA,500,factory,Road,Barking_Deer,1,urn:ncf:arp:mammals:uuid:d71e8a72-4bb0-4ad0-83a1-64a5f12f43c7:13,NA,NA,Indian muntjac,Muntiacus muntjac
Manu,22/05/2022,10:30:00+05:30,12.937414,75.663012,NA,500,LEMoN_plot,Rainforest,farnsworths_vine_snake,1,urn:ncf:arp:mammals:uuid:94449700-2b16-4dce-b1a1-9f1dd5243cd2:14,NA,https://zenodo.org/record/13340613/files/1h_QBf-sLSIwvVdqhN0_ioTXVTpxPRaXX.jpg,Farnsworth's vine snake,Ahaetulla farnsworthi
Manu,16/06/2022,07:41:00+05:30,12.933265,75.670208,NA,500,mg_dam,Rainforest,Common_Langur,5,urn:ncf:arp:mammals:uuid:d9aeae2d-738d-4f0e-9145-1b004d5b6887:15,NA,NA,Black-footed gray langur,Semnopithecus hypoleucos
Manu,13/06/2022,16:30:00+05:30,12.908652,75.660356,NA,1000,akki_road,Rainforest,Malabar_Giant_Squirrel,2,urn:ncf:arp:mammals:uuid:48b04f34-1216-4129-9b06-021263328f8a:16,NA,https://zenodo.org/record/13340613/files/1SpZesuQFLNX9VPVy92QfDFTPa973YFIW.jpg,Malabar giant squirrel,Ratufa indica
Manu,17/06/2022,16:45:00+05:30,12.907511,75.66409,NA,500,sinnadorai banglow,Road,Malabar_Giant_Squirrel,1,urn:ncf:arp:mammals:uuid:225c53ea-0912-4f9c-90d1-4b0b7edf1a1e:17,NA,https://zenodo.org/record/13340613/files/1jDD8CA7we4b5TiBPGShSBNGnQj_hsrvV.jpg,Malabar giant squirrel,Ratufa indica
Manu,19/09/2022,17:08:00+05:30,12.911685,75.659637,NA,1000,kdm_kt_road,Edge,Common_Langur,3,urn:ncf:arp:mammals:uuid:88fdbd74-de90-44be-9233-415f180cdc16:18,NA,NA,Black-footed gray langur,Semnopithecus hypoleucos
Manu,16/09/2022,19:00:00+05:30,12.907511,75.66409,NA,500,sinnadorai,Settlement_Human,Small_Indian_Civet,1,urn:ncf:arp:mammals:uuid:cc02a295-ae6c-4f87-b966-5c7798f5f399:19,NA,NA,Small indian civet,Viverricula indica
"Vijay Kumar, Gowtham",17/05/2022,14:37:00+05:30,12.907511,75.66409,NA,500,sinnadorai,Road,Stripe_necked_Mongoose,1,urn:ncf:arp:mammals:uuid:4b203573-abbd-4a97-807f-35a03311d803:20,"Observers:Vijay Kumar, Gowtham | timestamp:17May2022_14:37 | Partial_count | Sighting | On new thar road",NA,Stripe-necked mongoose,Herpestes vitticollis
"Vijay Kumar, Ranjith, Manu",14/05/2022,13:04:00+05:30,12.9319395,75.6554339,874,6.427999973,terfc_fieldstation,Settlement_Human,Pseudophilautus_wynaadensis,1,urn:ncf:arp:mammals:uuid:19ae66d0-f69f-4243-ab35-a2e131061dd2:21,"Observers:Vijay Kumar, Ranjith, Manu | timestamp:17May2022_16:41 | Partial_count | Sighting | Saw inside our nursery",https://zenodo.org/record/13340613/files/1bYdoQ4d9k3-eOjUoRL86D1DRSrxVz2EP.jpg,Wynaad bush frog,Pseudophilautus wynaadensis
"Vijay Kumar, Manu, Ranjith, Sanjay",15/06/2022,09:09:00+05:30,12.93117,75.656761,NA,1000,vg_temple,Tea_Plantation,Dhole,4,urn:ncf:arp:mammals:uuid:4159927a-5a18-4846-b9bc-3bd4407e603f:22,"Observers:Vijay Kumar, Manu, Ranjith, Sanjay | timestamp:15Jun2022_09:09 | Partial_count | Sighting | Alaram call my bonnets during the sightings",NA,Dhole,Cuon alpinus
Vijay,16/06/2022,18:18:00+05:30,12.9118753,75.6530986,846,8,kt_suzlon_road,Tea_Plantation,Black_Naped_Hare,1,urn:ncf:arp:mammals:uuid:22e377b0-47c6-4a9e-accd-6cccdae3e1e8:23,NA,NA,Indian hare,Lepus nigricollis
"Vijay, Sanath",18/06/2022,15:43:00+05:30,12.9287431,75.6572273,834,91.4240036,vg_temple,Rainforest,Elephant,1,urn:ncf:arp:mammals:uuid:173294ca-ad45-4434-a262-275a5d38d4ab:24,"Observers:Vijay, Sanath | timestamp:18Jun2022_11:15 | Partial_count | Sign_Dropping | Dung full of jack fruits seeds",https://zenodo.org/record/13340613/files/1IeER5ixKDJ8B73GMZFzYgYdv1GweNJTi.jpg,Elephant,Elephas maximus
"Vijay, Sanath, Sanjay",06/07/2022,19:48:00+05:30,12.930922,75.646684,NA,500,field_27,Tea_Plantation,Black_Naped_Hare,1,urn:ncf:arp:mammals:uuid:227b400b-cac8-4df1-b037-aafa5a29657c:25,"Observers:Vijay, Sanath, Sanjay | timestamp:06Jul2022_19:48 | Total_count | Sighting | Saw during heavy rain",NA,Indian hare,Lepus nigricollis
"Vijay Kumar, Praveen",29/07/2022,17:51:00+05:30,12.92794,75.648607,NA,500,field_26,Tea_Plantation,Barking_Deer,1,urn:ncf:arp:mammals:uuid:9bdfe31e-bdc0-4a09-8d90-e0d67d051bc4:26,NA,NA,Indian muntjac,Muntiacus muntjac
"Vijay Kumar, Sanath",18/08/2022,11:46:00+05:30,12.919809,75.671137,NA,500,agm_bungalow,Tea_Plantation,Common_Mongoose,2,urn:ncf:arp:mammals:uuid:b2915aa9-8d1d-481e-9076-fbf474d88850:27,"Observers:Vijay Kumar, Sanath | timestamp:18Aug2022_11:46 | Total_count | Sighting | One adult and one sub adult crossed the road near sinnadurai resort",NA,Indian grey mongoose,Urva edwardsii
Vijay Kumar,19/08/2022,20:13:00+05:30,12.932079,75.655302,NA,500,terfc_fieldstation,Rainforest,Slender_Loris,1,urn:ncf:arp:mammals:uuid:2c28f2e2-2a9e-4310-b0d4-b3318dbfeb00:28,NA,NA,Slender loris,Loris lydekkerianus
Vijay,02/09/2022,21:00:00+05:30,12.9069014,75.6645699,905,30.18600082,factory,Tea_Plantation,Black_Naped_Hare,1,urn:ncf:arp:mammals:uuid:e4fd1c6a-8bc9-4942-b635-cd84ba548236:29,NA,NA,Indian hare,Lepus nigricollis
"Vijay Kumar, Gowtham",04/09/2022,11:21:00+05:30,12.9279711,75.6489145,855,11.5,field_26,Rainforest,Elephant,1,urn:ncf:arp:mammals:uuid:ccc00e46-0f53-449e-9bcd-97e9a334e7a5:30,"Observers:Vijay Kumar, Gowtham | timestamp:04Sep2022_11:20 | Total_count | Sighting | We saw Elephant from the field no 26 towards above field no 30 on a small grass land patch",NA,Elephant,Elephas maximus
Vijay kumar,22/09/2022,17:46:00+05:30,12.915098,75.671549,NA,500,mg_lines,Edge,Barking_Deer,1,urn:ncf:arp:mammals:uuid:8da9f500-5e5f-49e5-9b2c-55be2994cf61:31,Observers:Vijay kumar | timestamp:22Sep2022_17:46 | Total_count | Sighting | Crossed the road near the front gate near the church,NA,Indian muntjac,Muntiacus muntjac
"Vijay Kumar, Ranjith, Manu, Praveen",26/09/2022,09:52:00+05:30,12.925535,75.653651,NA,1000,doraigundi,Rainforest,Barking_Deer,1,urn:ncf:arp:mammals:uuid:593551f1-ef52-450c-bb41-19a7c58741c4:32,"Observers:Vijay Kumar, Ranjith, Manu, Praveen | timestamp:26Sep2022_09:52 | Total_count | Sighting | Near doregundi, vg and mg road junction",NA,Indian muntjac,Muntiacus muntjac
"Vijay Kumar, Sanath",27/09/2022,20:31:00+05:30,12.928473,75.650986,NA,1000,kt_vg_road,Edge,Large_Brown_Flying_Squirrel,1,urn:ncf:arp:mammals:uuid:bf28e2c6-d142-4c20-bb4b-65a5fc1f73f7:33,NA,NA,Large brown flying squirrel,Petaurista philippensis
Vijay Kumar,29/09/2022,20:06:00+05:30,12.884422,75.671302,NA,500,mh_lines,Settlement_Human,Small_Indian_Civet,1,urn:ncf:arp:mammals:uuid:b750293d-df54-42f6-8726-cc646c3a94ab:34,NA,NA,Small indian civet,Viverricula indica
"Vijay Kumar, Sanath, Manu, Ranjith",29/09/2022,20:23:00+05:30,12.919185,75.650272,NA,500,bungalow_mattam,Tea_Plantation,Black_Naped_Hare,1,urn:ncf:arp:mammals:uuid:2f1f5cf4-7d32-4753-950d-270cf97277af:35,NA,NA,Indian hare,Lepus nigricollis
"Vijay Kumar, Sanath",30/09/2022,12:42:00+05:30,12.884422,75.671302,NA,500,mh_lines,Tea_Plantation,Brown_Mongoose,2,urn:ncf:arp:mammals:uuid:bf4fe563-bab1-4e05-bb47-6234d970484d:36,"Observers:Vijay Kumar, Sanath | timestamp:30Sep2022_12:41 | Total_count | Sighting | Near hospital crossed the road",NA,Brown mongoose,Herpestes fuscus
Manu,20/09/2022,10:15:00+05:30,12.930922,75.646684,NA,500,field_27,Grassland,Gaur,10,urn:ncf:arp:mammals:uuid:f80adcc6-d014-4208-aaca-70240c95a99b:37,NA,https://zenodo.org/record/13340613/files/1E7X3jnoFH9M-G8DsJe_Yig1Hf1EXNIOf.jpg,Gaur,Bos gaurus
Manu,30/09/2022,18:25:00+05:30,12.933265,75.670208,NA,500,mg_dam,Rainforest,Barking_Deer,1,urn:ncf:arp:mammals:uuid:f1e89fca-26fe-4890-b96c-e4945a29c0bb:38,NA,NA,Indian muntjac,Muntiacus muntjac
"Sanath, Anand, Vijay, Uttara, Dhruv, Vidhur",03/10/2022,16:57:00+05:30,12.9313419,75.6598017,883.8814454,150,ficus_point,Road,farnsworths_vine_snake,1,urn:ncf:arp:mammals:uuid:3313464a-6faf-4a45-b58f-7ace73c1188f:39,NA,NA,Farnsworth's vine snake,Ahaetulla farnsworthi
"Vijay, Ranjith, Manu",26/09/2022,10:53:00+05:30,12.93117,75.656761,NA,1000,vg_temple,Rainforest_Fragment,Brown_Mongoose,1,urn:ncf:arp:mammals:uuid:5ec627de-5b87-4804-9707-557440813150:40,NA,NA,Brown mongoose,Herpestes fuscus
"Vijay, Sanath, Ranjith, Manu",29/09/2022,20:24:00+05:30,12.91513,75.649561,NA,1000,orange_mattam,Tea_Plantation,Black_Naped_Hare,1,urn:ncf:arp:mammals:uuid:b353c68d-f7c1-46d7-81ee-e57c68d748af:41,NA,NA,Indian hare,Lepus nigricollis
"Vijay, Ranjith, Gowtham",07/10/2022,09:41:00+05:30,12.93117,75.656761,NA,1000,vg_temple,Rainforest,Barking_Deer,1,urn:ncf:arp:mammals:uuid:2ba20888-c4d9-4d48-9d7c-82074b65fe03:42,NA,NA,Indian muntjac,Muntiacus muntjac
"Vijay, Sanath, Ranjith, Gowtham",07/10/2022,08:40:00+05:30,12.932079,75.655302,NA,500,terfc_fieldstation,Settlement_Human,Sambar,1,urn:ncf:arp:mammals:uuid:c4767889-797e-47d8-939b-adc781660aea:43,NA,NA,Sambar,Rusa unicolor
"Ranjith, Gowtham",09/11/2022,07:09:00+05:30,12.932079,75.655302,NA,500,terfc_fieldstation,Rainforest,Sambar,1,urn:ncf:arp:mammals:uuid:43a375fd-00e7-4714-8b21-d6584be5cf7a:44,NA,NA,Sambar,Rusa unicolor
Ranjith,11/11/2022,17:40:00+05:30,12.932079,75.655302,NA,500,terfc_fieldstation,Rainforest,Nilgiri_Marten,1,urn:ncf:arp:mammals:uuid:47d0e71f-49b0-43ba-b69d-4177929e31fe:45,NA,NA,Nilgiri marten,Martes gwatkinsii
"Sanath, Abhirami",20/11/2022,19:01:00+05:30,12.9302021,75.6516471,855.1982233,12,terfc_fieldstation,Road,Sambar,3,urn:ncf:arp:mammals:uuid:ff23b189-7221-4a6a-abac-09ded03fe919:46,"Observers:Sanath, Abhirami | timestamp:20Nov2022_19:01 | Total_count | Sighting | One calf",NA,Sambar,Rusa unicolor
"Sanath, Abhirami",20/11/2022,19:11:00+05:30,12.9179149,75.6491798,864.815723,8,kt_lines,Road,Small_Indian_Civet,1,urn:ncf:arp:mammals:uuid:7e70df44-abdd-41b2-b4a6-1e6214f72d30:47,NA,NA,Small indian civet,Viverricula indica
"Sanath, Abhirami",20/11/2022,19:17:00+05:30,12.90587256,75.66798761,NA,100,kt_lines,Tea_Plantation,Black_Naped_Hare,1,urn:ncf:arp:mammals:uuid:4ea47d37-8530-4ab1-ab5d-a67d1caf113f:48,NA,NA,Indian hare,Lepus nigricollis
"Sanath, Abhirami",20/11/2022,19:24:00+05:30,12.9062616,75.6651077,885.3599741,10.33300018,sinnadorai,Tea_Plantation,Black_Naped_Hare,1,urn:ncf:arp:mammals:uuid:c2eef0c7-4fcf-4b26-9cda-85b7b8ecb01d:49,NA,NA,Indian hare,Lepus nigricollis
"Sanath, Rama, Abhirami",20/11/2022,19:59:00+05:30,12.9123175,75.6531213,832.8573594,7.599999905,hospital,Edge,Sambar,1,urn:ncf:arp:mammals:uuid:597c84f4-2e83-4542-8eec-5d21190107bb:50,NA,https://zenodo.org/record/13340613/files/1oX-tDiir6cAlRRR9MttVQq668ToUAhqW.jpg,Sambar,Rusa unicolor
Sanath,21/11/2022,19:22:00+05:30,12.932079,75.655302,NA,500,terfc_fieldstation,Road,Sambar,1,urn:ncf:arp:mammals:uuid:65fb8888-9997-4817-978a-55f616ef82a4:51,NA,NA,Sambar,Rusa unicolor
Manu,27/11/2022,09:30:00+05:30,12.932079,75.655302,NA,500,terfc_fieldstation,Settlement_Human,Elephant,1,urn:ncf:arp:mammals:uuid:7840a6d4-b554-4517-814f-b91a88350c93:52,NA,https://zenodo.org/record/13340613/files/1k1VxJCwDwLg3RXTfqri_Gx_xDMGZFEus.jpg,Elephant,Elephas maximus
"Vijay Kumar, Sanath",23/10/2022,23:35:00+05:30,12.925535,75.653651,NA,1000,doraigundi,Rainforest,Slender_Loris,1,urn:ncf:arp:mammals:uuid:de427bf4-cb40-409b-a1fa-f43737cfc35f:53,"Observers:Vijay Kumar, Sanath | timestamp:23Oct2022_23:41 | Partial_count | Sighting | During spider transact with sanath",NA,Slender loris,Loris lydekkerianus
"Vijay Kumar, Sanath",24/10/2022,00:08:00+05:30,12.925535,75.653651,NA,1000,doraigundi,Rainforest,Slender_Loris,1,urn:ncf:arp:mammals:uuid:d7cad979-f7fe-44ee-a82b-19011c83c1ba:54,"Observers:Vijay Kumar, Sanath | timestamp:24Oct2022_00:08 | Total_count | Sighting | After sanath spider trail walk",NA,Slender loris,Loris lydekkerianus
"Vijay Kumar, Sanath, Kayashree",24/10/2022,19:00:00+05:30,12.925535,75.653651,NA,1000,doraigundi,Rainforest,Slender_Loris,1,urn:ncf:arp:mammals:uuid:2aafee96-8b01-40f4-946b-e6b0d470919e:55,"Observers:Vijay Kumar, Sanath, Kayashree | timestamp:24Oct2022_19:05 | Partial_count | Sighting | During moth trap might me more then one call",NA,Slender loris,Loris lydekkerianus
Vijay Kumar,30/10/2022,16:47:00+05:30,12.9064963,75.6675378,NA,2099.999023,kt_vg_road,Edge,Barking_Deer,1,urn:ncf:arp:mammals:uuid:042b71cd-f3e5-4e26-8088-5db88b7d48bb:56,NA,NA,Indian muntjac,Muntiacus muntjac
"Vijay Kumar, Sanath, Raghavendra",12/11/2022,17:38:00+05:30,12.92794,75.648607,NA,500,field_26,Tea_Plantation,Barking_Deer,1,urn:ncf:arp:mammals:uuid:a15e955b-9c2a-4946-8bc6-cd0e0d94b30f:57,NA,NA,Indian muntjac,Muntiacus muntjac
"Vijay Kumar, Sanath, Raghavendra",12/11/2022,17:47:00+05:30,12.92794,75.648607,NA,500,field_26,Rainforest,Nilgiri_Marten,1,urn:ncf:arp:mammals:uuid:63c121b0-0aa7-4542-ad4e-49688d3bcf91:58,"Observers:Vijay Kumar, Sanath, Raghavendra | timestamp:12Nov2022_17:47 | Total_count | Sighting | Crossed the road infront of our vehicle near",NA,Nilgiri marten,Martes gwatkinsii
"Vijay Kumar, Sanath",27/11/2022,17:35:00+05:30,12.91513,75.649561,NA,1000,orange_mattam,Tea_Plantation,Barking_Deer,1,urn:ncf:arp:mammals:uuid:40d9e1cc-e027-45e9-a7d1-f9abe324efad:59,NA,NA,Indian muntjac,Muntiacus muntjac
"Vijay Kumar, Sanath, Orvill, Ranjith, Manu",27/11/2022,09:50:00+05:30,12.932079,75.655302,NA,500,terfc_fieldstation,Rainforest,Elephant,1,urn:ncf:arp:mammals:uuid:a2bd18e8-d6be-4fd6-9363-867f9ad15dab:60,"Observers:Vijay Kumar, Sanath, Orvill, Ranjith, Manu | timestamp:29Nov2022_17:55 | Total_count | Sighting | We saw single Tusker walking below TERFC small trails that goes leads to the grassland. We spend more then a hour following the Elephant and then it disappeared inside the forest",NA,Elephant,Elephas maximus
"Ranjith, Manu",02/12/2022,10:10:00+05:30,12.928473,75.650986,NA,1000,kt_vg_road,Rainforest,Barking_Deer,1,urn:ncf:arp:mammals:uuid:5843e870-061f-4dd0-be06-1135fefb05e3:61,NA,NA,Indian muntjac,Muntiacus muntjac
"Ranjith, Sanath",06/12/2022,20:46:00+05:30,12.92794,75.648607,NA,500,field_26,Road,Elephant,1,urn:ncf:arp:mammals:uuid:32fd0e8a-a956-4a04-8b0d-599c35d65dc2:62,NA,https://zenodo.org/record/13340613/files/1ivwGFdjWsAU_mTTxhX0yTnEcxRme_lS9.jpg,Elephant,Elephas maximus
Vijay Kumar,30/11/2022,14:58:00+05:30,12.919809,75.671137,NA,500,agm_bungalow,Tea_Plantation,Barking_Deer,1,urn:ncf:arp:mammals:uuid:939063de-1e0e-4a40-ae50-4e54af733fc3:63,NA,NA,Indian muntjac,Muntiacus muntjac
"Vijay Kumar, Ranjith",16/12/2022,09:49:00+05:30,12.925535,75.653651,NA,1000,doraigundi,Rainforest,Barking_Deer,2,urn:ncf:arp:mammals:uuid:cd556fa3-92d1-4751-bf0c-d58df8a3595a:64,"Observers:Vijay Kumar, Ranjith | timestamp:16Dec2022_09:50 | Total_count | Sighting | Crossed the road in front of us vg kt road circle. while we were doing phenology monitering",NA,Indian muntjac,Muntiacus muntjac
"Ranjith, Gowtham",15/12/2022,22:14:00+05:30,12.93117,75.656761,NA,1000,vg_temple,Settlement_Human,Elephant,1,urn:ncf:arp:mammals:uuid:cd3178e4-37eb-4073-babe-00c8f9db2472:65,NA,NA,Elephant,Elephas maximus
"Vijay, Ranjith",16/12/2022,10:46:00+05:30,12.928473,75.650986,NA,1000,kt_vg_road,Rainforest,rat_snake,1,urn:ncf:arp:mammals:uuid:1553d8a8-eb1f-463c-a339-dfc81bd5ba47:66,"Observers:Vijay, Ranjith | timestamp:16Dec2022_10:46 | Total_count | Sighting | It on tree top",NA,Rat snake,Ptyas mucosa
Gowtham,16/12/2022,13:38:00+05:30,12.927662,75.658181,NA,1000,nursery,Tea_Plantation,Gaur,1,urn:ncf:arp:mammals:uuid:34dc3d47-01aa-49c7-a52f-a07cc64ad6c7:67,NA,NA,Gaur,Bos gaurus
"Ranjith, Gowtham",16/12/2022,22:55:00+05:30,12.93117,75.656761,NA,1000,vg_temple,Settlement_Human,Elephant,1,urn:ncf:arp:mammals:uuid:816ccce5-ec78-47be-a761-4c797114ff19:68,NA,NA,Elephant,Elephas maximus
"Sanath, Anand, Ram, Vidhur",18/12/2022,09:59:00+05:30,12.9160582,75.6492603,841.5159628,14.5710001,kt_lines,Grassland,Sambar,2,urn:ncf:arp:mammals:uuid:670c339b-2ad5-4c00-9a8e-2e6895b2535f:69,NA,NA,Sambar,Rusa unicolor
"Vijay Kumar, Ram",20/12/2022,20:24:00+05:30,12.908652,75.660356,NA,1000,akki_road,Tea_Plantation,Black_Naped_Hare,1,urn:ncf:arp:mammals:uuid:a9d74ced-0e97-4123-bb23-3eab9bf73a12:70,NA,NA,Indian hare,Lepus nigricollis
Ranjith,29/12/2022,18:04:00+05:30,12.928473,75.650986,NA,1000,kt_vg_road,Rainforest,Sambar,1,urn:ncf:arp:mammals:uuid:750df637-155a-4cab-84ed-38c660242525:71,NA,NA,Sambar,Rusa unicolor
"Vijay Kumar, Sanath",12/01/2023,21:19:00+05:30,12.9086413,75.668265,NA,2099.999023,sinnadorai,Tea_Plantation,Black_Naped_Hare,3,urn:ncf:arp:mammals:uuid:769056b1-6d2f-46fe-b26b-67d762126558:72,NA,NA,Indian hare,Lepus nigricollis
"Ranjith,Vijay, Sanath, Manu",13/01/2023,12:18:00+05:30,12.928473,75.650986,NA,1000,kt_vg_road,Rainforest,malabar_pit_Viper,2,urn:ncf:arp:mammals:uuid:5fe62438-a2e2-4474-8726-abe385070847:73,"Observers:Ranjith,Vijay, Sanath, Manu | timestamp:13Jan2023_12:19 | Total_count | Sighting | Unbelievable! Gowtham spotted from canter!!",NA,Malabar pit viper,Craspedocephalus malabaricus
"Sanath, Ranjith, Ram",08/03/2023,19:00:00+05:30,12.911993,75.65128,NA,500,kt_lines,Road,Black_Naped_Hare,1,urn:ncf:arp:mammals:uuid:bce11dcf-7923-48e5-b2f5-64ce2763fc54:74,NA,NA,Indian hare,Lepus nigricollis
"Ranjith, Vijay, Manu",06/02/2023,17:06:00+05:30,12.932079,75.655302,NA,500,terfc_fieldstation,Rainforest,Common_Langur,2,urn:ncf:arp:mammals:uuid:474f55ff-a706-4d5a-a034-7d2e39bfdb0a:75,NA,NA,Black-footed gray langur,Semnopithecus hypoleucos
"Vijay Kumar, Sanath",12/01/2023,21:26:00+05:30,12.9144737,75.6584927,854,25.25,kt_vg_road,Edge,Small_Indian_Civet,1,urn:ncf:arp:mammals:uuid:884b5b47-b71b-4b29-b017-cf78d575980b:76,NA,NA,Small indian civet,Viverricula indica
"Vijay Kumar, Sanath",19/01/2023,23:48:00+05:30,12.925535,75.653651,NA,1000,doraigundi,Rainforest,Barking_Deer,1,urn:ncf:arp:mammals:uuid:abd4235f-63ea-4291-9ccd-2548a64b4fea:77,NA,NA,Indian muntjac,Muntiacus muntjac
Vijay Kumar,22/01/2023,11:27:00+05:30,12.9283657,75.6496211,837,13,field_26,Rainforest,Barking_Deer,1,urn:ncf:arp:mammals:uuid:d65d1057-0e11-4fc4-9934-b9be5afd38d7:78,NA,NA,Indian muntjac,Muntiacus muntjac
Vijay Kumar,10/02/2023,10:40:00+05:30,12.933265,75.670208,NA,500,mg_dam,Rainforest_Fragment,Sambar,1,urn:ncf:arp:mammals:uuid:8dfc8cf3-e724-44a3-a8ea-e1861a9189c9:79,Observers:Vijay Kumar | timestamp:10Feb2023_10:47 | Total_count | Sighting | One male indivisual grazing on grasses inside the dam water. Watched its behaviour for more than 20 mins. Took some good photos and videos for the record using p900 camera. One of my best sightings of sambar in wild.,NA,Sambar,Rusa unicolor
Vijay Kumar,11/02/2023,23:33:00+05:30,12.907511,75.66409,NA,500,sinnadorai,Tea_Plantation,Black_Naped_Hare,2,urn:ncf:arp:mammals:uuid:4f6f219a-ef42-487b-b9fd-dd1684acc801:80,NA,NA,Indian hare,Lepus nigricollis
"Anand, Uttara, Rohith Naniwadekar, Jahnavi joshi",09/03/2023,17:46:00+05:30,12.9277696,75.6489141,835.9607994,14.28499985,field_26,Grassland,Sloth_Bear,1,urn:ncf:arp:mammals:uuid:727df8a7-22a2-444a-9cc5-14f15bd2eef6:81,NA,NA,Sloth bear,Melursus ursinus
"Sanath, Ranjith, Rama Narayanan",12/03/2023,19:39:00+05:30,12.9117188,75.6597783,903.6885351,8,kdm_kt_road,Tea_Plantation,Brown_Palm_Civet,1,urn:ncf:arp:mammals:uuid:4d366f57-eb45-415b-a86c-dc19af58d885:82,NA,NA,Brown palm civet,Paradoxurus jerdoni
"Abhirami, Sanath, Rama",21/03/2023,19:15:00+05:30,12.9068576,75.6640733,906.6061766,6,sinnadorai,Tea_Plantation,Black_Naped_Hare,1,urn:ncf:arp:mammals:uuid:2f0a5be9-2006-4128-9552-057a0f54901a:83,NA,NA,Indian hare,Lepus nigricollis
Ranjith,30/03/2023,19:57:00+05:30,12.911685,75.659637,NA,1000,kdm_kt_road,Road,Sambar,1,urn:ncf:arp:mammals:uuid:ad5e4e0d-924b-4ba8-9521-075f0c146a31:84,NA,NA,Sambar,Rusa unicolor
Ranjith,31/03/2023,18:13:00+05:30,12.924288,75.663767,NA,1000,suzlon_tower,Grassland,Gaur,6,urn:ncf:arp:mammals:uuid:b71b411e-2d03-4b9c-a9ce-e051f165f3e8:85,NA,NA,Gaur,Bos gaurus
"Ranjith, Manu",02/04/2023,13:40:00+05:30,12.928473,75.650986,NA,1000,kt_vg_road,Rainforest,Monitor lizard,1,urn:ncf:arp:mammals:uuid:ff9fa865-1ff2-42bd-ac23-e250bf8d216c:86,NA,NA,Bengal monitor,Varanus bengalensis
"Vijay, Ranjith",03/04/2023,17:20:00+05:30,12.928473,75.650986,NA,1000,kt_vg_road,Road,rat_snake,1,urn:ncf:arp:mammals:uuid:065a2240-d15e-4b26-9d2e-81665ff0de73:87,NA,NA,Rat snake,Ptyas mucosa
"Vijay, Ranjith",03/04/2023,17:42:00+05:30,12.930922,75.646684,NA,500,field_27,Tea_Plantation,Barking_Deer,1,urn:ncf:arp:mammals:uuid:fa1ecb26-62b2-4de8-aad7-3098ca6d4f10:88,NA,NA,Indian muntjac,Muntiacus muntjac
"Vijay, Abhirami",12/04/2023,18:53:00+05:30,12.9104812,75.6603503,910,8,sinnadorai,Tea_Plantation,Sambar,1,urn:ncf:arp:mammals:uuid:5d5d867f-35c8-4d4f-ac3a-d7de078a4022:89,NA,NA,Sambar,Rusa unicolor
"Vijay, Abhirami, Gowtham",14/04/2023,10:14:00+05:30,12.9140836,75.6579346,868,9,kt_vg_road,Edge,Common_Mongoose,1,urn:ncf:arp:mammals:uuid:2d1e742c-a5af-4e9f-8b9c-af5b2332c999:90,NA,NA,Indian grey mongoose,Urva edwardsii
"Vijay Kumar, Vijay Karthick, Shivadass",26/05/2023,17:06:00+05:30,12.924288,75.663767,NA,1000,suzlon_tower,Grassland,Gaur,4,urn:ncf:arp:mammals:uuid:4c721c82-61c7-4e96-96f9-71fa4f4ea5ef:91,NA,NA,Gaur,Bos gaurus
"Vijay Kumar, Vijay Karthick",28/05/2023,20:40:00+05:30,12.907511,75.66409,NA,500,sinnadorai,Tea_Plantation,Black_Naped_Hare,1,urn:ncf:arp:mammals:uuid:80c664d6-6750-4144-813c-a53ad286e364:92,NA,NA,Indian hare,Lepus nigricollis
"Vijay Kumar, Vijay Karthick, Sanath",31/05/2023,19:01:00+05:30,12.907511,75.66409,NA,500,sinnadorai,Tea_Plantation,Black_Naped_Hare,2,urn:ncf:arp:mammals:uuid:96fd14d5-b194-416d-a7d2-299fcdf7c568:93,NA,NA,Indian hare,Lepus nigricollis
Vijay Karthick,31/05/2023,19:10:00+05:30,12.928473,75.650986,NA,1000,kt_vg_road,Tea_Plantation,Black_Naped_Hare,1,urn:ncf:arp:mammals:uuid:666696d1-d202-4798-808d-fa5fe50daff2:94,NA,NA,Indian hare,Lepus nigricollis
"Abhirami, Rama, Sanath and Ranjith",22/03/2023,19:45:00+05:30,12.9277814,75.6582936,851.6341118,8.755999565,vg_temple,Tea_Plantation,Sambar,1,urn:ncf:arp:mammals:uuid:f1b0af80-d013-452a-adaa-34bc6be3344a:95,NA,NA,Sambar,Rusa unicolor
"Manu, Abhirami",26/05/2023,12:24:00+05:30,12.89032,75.671407,NA,1000,abandoned_coffee,Road,Large_Brown_Flying_Squirrel,1,urn:ncf:arp:mammals:uuid:f35c3135-02a2-4bd5-9e7a-a9db953793b2:96,NA,NA,Large brown flying squirrel,Petaurista philippensis
Vijay Kumar,03/02/2023,09:06:00+05:30,12.919185,75.650272,NA,500,bungalow_mattam,Edge,Barking_Deer,1,urn:ncf:arp:mammals:uuid:df2bb6c1-0097-4811-a2ed-56976d26c6a4:97,NA,https://zenodo.org/record/13340613/files/1rQiWJf0WGt26NhZNL2V33Vr2TdjgrGXn.jpg,Indian muntjac,Muntiacus muntjac
"Vijay Kumar, Vijay Ramesh, Priyanka",02/04/2023,12:51:00+05:30,12.933265,75.670208,NA,500,mg_dam,Rainforest,Barking_Deer,1,urn:ncf:arp:mammals:uuid:a15a6c45-68ea-4b3b-a1cc-ed660275180b:98,NA,NA,Indian muntjac,Muntiacus muntjac
"Vijay Kumar, Abhirami, Vedika",08/04/2023,17:08:00+05:30,12.919809,75.671137,NA,500,agm_bungalow,Tea_Plantation,Barking_Deer,1,urn:ncf:arp:mammals:uuid:a50307f1-bbba-4341-a047-34dc30c6ff10:99,NA,NA,Indian muntjac,Muntiacus muntjac
"Vijay, Abhirami, Gowtham",14/04/2023,10:17:00+05:30,12.9114944,75.6595544,898,9.5,kt_vg_road,Tea_Plantation,Common_Langur,1,urn:ncf:arp:mammals:uuid:a71bbbac-c2e2-4f9a-bdad-dd5145403862:100,NA,NA,Black-footed gray langur,Semnopithecus hypoleucos
"Vijay Kumar, Vedika, Abhirami, Gowtham",14/04/2023,18:06:00+05:30,12.9277465,75.658616,859,14.75,vg_temple,Rainforest,Brown_Mongoose,1,urn:ncf:arp:mammals:uuid:17182232-cf52-4ecc-8537-86a6b4b0b3d3:101,NA,NA,Brown mongoose,Herpestes fuscus
Vijay Kumar,04/05/2023,10:57:00+05:30,12.928473,75.650986,NA,1000,kt_vg_road,Grassland,Gaur,3,urn:ncf:arp:mammals:uuid:139389e3-b5fa-44e8-bae9-b156378cd06f:102,NA,https://zenodo.org/record/13340613/files/1WV8nafAJnJbHoNBYT27Uh3aBcq9ZayDa.jpg,Gaur,Bos gaurus
"Vijay Kumar, Abhirami, Manu, kiran",06/05/2023,08:55:00+05:30,12.89454,75.655339,NA,1000,5_acre,Rainforest,Mouse_Deer,1,urn:ncf:arp:mammals:uuid:cf6f59a0-fc8e-4b33-8beb-51c5b7f7a2fd:103,NA,NA,Indian spotted chevrotain,Moschiola indica
"Vijay Kumar, Abhirami, Manu, Kiran",06/05/2023,10:10:00+05:30,12.89454,75.655339,NA,1000,5_acre,Rainforest,Nilgiri_striped_squirrel,1,urn:ncf:arp:mammals:uuid:10df782a-8ee6-4005-8816-c13db0f2a645:104,NA,NA,Nilgiri_striped_squirrel,Funambulus sublineatus
"Vijay Kumar, Abhirami",06/05/2023,17:07:00+05:30,12.933265,75.670208,NA,500,mg_dam,Edge,Brown_Mongoose,1,urn:ncf:arp:mammals:uuid:3e4118ba-f5ea-488d-8d7e-603d0b45ec78:105,NA,NA,Brown mongoose,Herpestes fuscus
"Vijay Kumar, Ranjith",17/05/2023,18:57:00+05:30,12.911993,75.65128,NA,500,kt_lines,Tea_Plantation,Black_Naped_Hare,1,urn:ncf:arp:mammals:uuid:b3132c96-538f-44c3-b7e2-6504a49cf4dc:106,NA,NA,Indian hare,Lepus nigricollis
"Vijay Kumar, Anand",19/05/2023,18:17:00+05:30,12.92794,75.648607,NA,500,field_26,Grassland,Gaur,18,urn:ncf:arp:mammals:uuid:2befb7c5-f6c1-4526-abc9-904db991c97c:107,"Observers:Vijay Kumar, Anand | timestamp:19May2023_18:23 | Total_count | Sighting | Grass land near mahagony patch with 3 calf",NA,Gaur,Bos gaurus
"Anand, Vijay kumar",03/06/2023,21:15:00+05:30,12.934909,75.724683,NA,1000,harley,Edge,Small_Indian_Civet,1,urn:ncf:arp:mammals:uuid:0bca7673-a2f7-43a2-86da-173a4c14e425:108,NA,NA,Small indian civet,Viverricula indica
"Sanath, Abhirami, Nitha, Vedika",23/06/2023,15:39:00+05:30,12.9120083,75.6584814,910.5656346,8,kt_vg_road,Road,Stripe_necked_Mongoose,1,urn:ncf:arp:mammals:uuid:30ff15da-8e07-4581-b1dd-ec93a12f6233:109,NA,NA,Stripe-necked mongoose,Herpestes vitticollis
"Sanath, Abhirami, Vijay Karthick",20/07/2023,19:17:00+05:30,12.909664,75.6616044,931.3511385,19.20000076,sinnadorai,Road,Small_Indian_Civet,1,urn:ncf:arp:mammals:uuid:90bf7614-7b30-4020-b2dd-37f1dbaa9179:110,NA,NA,Small indian civet,Viverricula indica
"Anand, Vidur, Dhruv, Abhirami, Vijay Kumar",26/08/2023,11:15:00+05:30,12.930922,75.646684,NA,500,field-27,Riverine,Barking_Deer,1,urn:ncf:arp:mammals:uuid:8a2a9a99-7382-4b98-9189-3c8f841b1841:111,NA,NA,Indian muntjac,Muntiacus muntjac
Vijay Kumar,09/09/2023,06:17:00+05:30,12.930922,75.646684,NA,500,field-27,Rainforest,Barking_Deer,1,urn:ncf:arp:mammals:uuid:2b6a4d97-1132-48b4-b9ad-0fc897b457e2:112,NA,NA,Indian muntjac,Muntiacus muntjac
"Vijay Kumar, Anand Osuri",01/07/2023,16:03:00+05:30,12.927662,75.658181,NA,1000,nursery,Rainforest,Brown_Mongoose,1,urn:ncf:arp:mammals:uuid:1a456ed0-04cc-4458-8de9-9b81b75ae99f:113,NA,NA,Brown mongoose,Herpestes fuscus
"Vijay Kumar, Manu",01/07/2023,17:27:00+05:30,12.919185,75.650272,NA,500,bungalow_mattam,Rainforest,Barking_Deer,1,urn:ncf:arp:mammals:uuid:6f54688e-f5e7-46c8-9b8c-e523f0d0b12a:114,NA,NA,Indian muntjac,Muntiacus muntjac
"Vijay Kumar, Orvill",22/12/2023,18:37:00+05:30,12.930922,75.646684,NA,500,field-27,Edge,Leopard_Cat,1,urn:ncf:arp:mammals:uuid:0b7260cc-973d-486e-bdaf-4e1033dfcdd4:115,NA,NA,Leopard cat,Prionailurus bengalensis
Vijay Kumar,04/10/2023,14:50:00+05:30,12.93117,75.656761,NA,1000,vg_temple,Rainforest,Common_Langur,2,urn:ncf:arp:mammals:uuid:4e1d3fae-4db5-4a28-b6ed-bdb0c2dfcbbe:116,NA,NA,Black-footed gray langur,Semnopithecus hypoleucos
"Vijay Kumar, Nisar",22/01/2023,13:30:00+05:30,12.930922,75.646684,NA,500,field-27,Rainforest,Barking_Deer,2,urn:ncf:arp:mammals:uuid:c7e99d83-038b-4ed6-9be3-d0b02e7f7983:117,NA,NA,Indian muntjac,Muntiacus muntjac
"Vijay Kumar, Abhirami, Orvill",01/12/2023,12:02:00+05:30,12.93117,75.656761,NA,1000,vg_temple,Rainforest,Common_Langur,6,urn:ncf:arp:mammals:uuid:ff6f3cf1-1c9a-4b9b-9916-9d5b6c66b4a7:118,NA,NA,Black-footed gray langur,Semnopithecus hypoleucos
"Vijay Kumar, Abhirami, Ranjith, Manu, Kiran",27/08/2023,09:45:00+05:30,12.932079,75.655302,NA,500,terfc_fieldstation,Rainforest,Nilgiri_Marten,2,urn:ncf:arp:mammals:uuid:7e347f5a-c28f-40d5-8094-e1ad9051b045:119,"Observers:Vijay Kumar, Abhirami, Ranjith, Manu, Kiran | timestamp:27Aug2023_09:45 | Total_count | Sighting | 2 of them jumped from the canopy and chasing each other on the ground and when inside forest",NA,Nilgiri marten,Martes gwatkinsii
"Vijay Kumar, Manu, Sowjanya, Mintu, Dushyanth",14/05/2024,08:57:00+05:30,12.919185,75.650272,NA,500,bungalow_mattam,Grassland,Gaur,3,urn:ncf:arp:mammals:uuid:ec9931ac-6f83-4b9c-b0f7-03b1a89b8f95:120,NA,NA,Gaur,Bos gaurus
"Vijay Kumar, Suman",30/08/2023,11:50:00+05:30,12.934666,75.676466,NA,1000,north_East,Grassland,Black_Naped_Hare,1,urn:ncf:arp:mammals:uuid:bf8b215d-1d43-4f2d-9a29-1f16bc54cbd4:121,NA,NA,Indian hare,Lepus nigricollis
"Vijay Kumar, Vijay Karthick, Abhirami, Ram, Ranjith",17/12/2023,09:28:00+05:30,12.932079,75.655302,NA,500,terfc_fieldstation,Rainforest,Brown_Mongoose,1,urn:ncf:arp:mammals:uuid:ae705ad3-4b3e-4679-8163-6b8d7934f43d:122,NA,NA,Brown mongoose,Herpestes fuscus
Vijay Kumar,19/12/2023,17:11:00+05:30,12.915098,75.671549,NA,500,mg_lines,Tea_Plantation,Barking_Deer,1,urn:ncf:arp:mammals:uuid:f285c9c0-4384-429d-89ef-9b8e8a00787e:123,NA,NA,Indian muntjac,Muntiacus muntjac
Vijay Kumar,08/09/2023,19:04:00+05:30,12.911993,75.65128,NA,500,kt_lines,Tea_Plantation,Black_Naped_Hare,1,urn:ncf:arp:mammals:uuid:27bda8c2-0be3-448f-bdbe-1c5b1234d9eb:124,NA,NA,Indian hare,Lepus nigricollis
"Vijay Kumar, Vijay Karthick, Abhirami, Ram",25/12/2023,19:08:00+05:30,12.928473,75.650986,NA,1000,kt_vg_road,Tea_Plantation,Black_Naped_Hare,2,urn:ncf:arp:mammals:uuid:1cc9b64e-92fc-4f9f-a4ed-df674eae751d:125,NA,NA,Indian hare,Lepus nigricollis
Vijay Kumar,06/12/2023,17:34:00+05:30,12.915098,75.671549,NA,500,mg_lines,Edge,Brown_Mongoose,1,urn:ncf:arp:mammals:uuid:d2a1d5f1-3b4e-4a3e-85d3-2c9d0cf1d3bb:126,NA,NA,Brown mongoose,Herpestes fuscus
Vijay Kumar,07/03/2024,16:17:00+05:30,12.915098,75.671549,NA,500,mg_lines,Tea_Plantation,Brown_Mongoose,1,urn:ncf:arp:mammals:uuid:6193d2a3-5943-4b7a-b346-82ec0e8b2f27:127,NA,NA,Brown mongoose,Herpestes fuscus
Vijay Kumar,22/05/2024,09:26:00+05:30,12.911993,75.65128,NA,500,kt_lines,Tea_Plantation,Common_Mongoose,1,urn:ncf:arp:mammals:uuid:7e0739e7-94e0-4b23-b40f-9422be3c319b:128,NA,NA,Indian grey mongoose,Urva edwardsii
Vijay Kumar,09/12/2023,09:30:00+05:30,12.915098,75.671549,NA,500,mg_lines,Tea_Plantation,Brown_Mongoose,1,urn:ncf:arp:mammals:uuid:e06d2df4-f9bb-42b4-9d8f-cd219e34fc14:129,NA,NA,Brown mongoose,Herpestes fuscus
"Vijay Kumar, Suman, Abhirami",30/09/2023,19:40:00+05:30,12.8147174,75.7326062,NA,500,bungalow_mattam,Rainforest,Black_Naped_Hare,1,urn:ncf:arp:mammals:uuid:8ad8a4fa-d8e4-4513-95fd-1f3d1f62e09a:130,NA,NA,Indian hare,Lepus nigricollis
Vijay Kumar,14/02/2024,19:17:00+05:30,12.919185,75.650272,NA,500,bungalow_mattam,Tea_Plantation,Black_Naped_Hare,1,urn:ncf:arp:mammals:uuid:5f8d2a73-1d9c-4f07-8e0d-1848bfb1741a:131,NA,NA,Indian hare,Lepus nigricollis
